"id","name","category","description","start_date"
1000,Fat Burner Audi,C1,"New to yoga? This is a perfect place to start. \""Yoga Basics\"" is designed to strengthen and stretch your entire body with flowing yoga sessions. Your dedicated yoga instructor will carefully guide you through each asana movement. Leave each yoga workout feeling calm and more centered.",1592498493000
1001,Mazda,C2,"New to yoga? This is a perfect place to start. \""Yoga Basics\"" is designed to strengthen and stretch your entire body with flowing yoga sessions. Your dedicated yoga instructor will carefully guide you through each asana movement. Leave each yoga workout feeling calm and more centered.",1582474057000
1002,BWM,C3,"New to yoga? This is a perfect place to start. \""Yoga Basics\"" is designed to strengthen and stretch your entire body with flowing yoga sessions. Your dedicated yoga instructor will carefully guide you through each asana movement. Leave each yoga workout feeling calm and more centered.",1579365755000
1003,Toyota,C4,"New to yoga? This is a perfect place to start. \""Yoga Basics\"" is designed to strengthen and stretch your entire body with flowing yoga sessions. Your dedicated yoga instructor will carefully guide you through each asana movement. Leave each yoga workout feeling calm and more centered.",1585159440000
1004,Mazda,C6,"New to yoga? This is a perfect place to start. \""Yoga Basics\"" is designed to strengthen and stretch your entire body with flowing yoga sessions. Your dedicated yoga instructor will carefully guide you through each asana movement. Leave each yoga workout feeling calm and more centered.",1583574198000
1005,Audi,C7,"New to yoga? This is a perfect place to start. \""Yoga Basics\"" is designed to strengthen and stretch your entire body with flowing yoga sessions. Your dedicated yoga instructor will carefully guide you through each asana movement. Leave each yoga workout feeling calm and more centered.",1586674958000
1006,Renault,C1,"New to yoga? This is a perfect place to start. \""Yoga Basics\"" is designed to strengthen and stretch your entire body with flowing yoga sessions. Your dedicated yoga instructor will carefully guide you through each asana movement. Leave each yoga workout feeling calm and more centered.",1588390278000
1007,VW,C2,"New to yoga? This is a perfect place to start. \""Yoga Basics\"" is designed to strengthen and stretch your entire body with flowing yoga sessions. Your dedicated yoga instructor will carefully guide you through each asana movement. Leave each yoga workout feeling calm and more centered.",1584070396000
1008,VW,C3,"New to yoga? This is a perfect place to start. \""Yoga Basics\"" is designed to strengthen and stretch your entire body with flowing yoga sessions. Your dedicated yoga instructor will carefully guide you through each asana movement. Leave each yoga workout feeling calm and more centered.",1588508838000
1009,Audi,C4,"New to yoga? This is a perfect place to start. \""Yoga Basics\"" is designed to strengthen and stretch your entire body with flowing yoga sessions. Your dedicated yoga instructor will carefully guide you through each asana movement. Leave each yoga workout feeling calm and more centered.",1581408419000
1010,Fiat,C6,"New to yoga? This is a perfect place to start. \""Yoga Basics\"" is designed to strengthen and stretch your entire body with flowing yoga sessions. Your dedicated yoga instructor will carefully guide you through each asana movement. Leave each yoga workout feeling calm and more centered.",1580795020000
1011,Toyota,C7,"New to yoga? This is a perfect place to start. \""Yoga Basics\"" is designed to strengthen and stretch your entire body with flowing yoga sessions. Your dedicated yoga instructor will carefully guide you through each asana movement. Leave each yoga workout feeling calm and more centered.",1591761952000
1012,Audi,C1,"New to yoga? This is a perfect place to start. \""Yoga Basics\"" is designed to strengthen and stretch your entire body with flowing yoga sessions. Your dedicated yoga instructor will carefully guide you through each asana movement. Leave each yoga workout feeling calm and more centered.",1582158776000
1013,Audi,C2,"New to yoga? This is a perfect place to start. \""Yoga Basics\"" is designed to strengthen and stretch your entire body with flowing yoga sessions. Your dedicated yoga instructor will carefully guide you through each asana movement. Leave each yoga workout feeling calm and more centered.",1585379517000
1014,Mercedes-Benz,C3,"New to yoga? This is a perfect place to start. \""Yoga Basics\"" is designed to strengthen and stretch your entire body with flowing yoga sessions. Your dedicated yoga instructor will carefully guide you through each asana movement. Leave each yoga workout feeling calm and more centered.",1592850063000
1015,Mercedes-Benz,C4,"New to yoga? This is a perfect place to start. \""Yoga Basics\"" is designed to strengthen and stretch your entire body with flowing yoga sessions. Your dedicated yoga instructor will carefully guide you through each asana movement. Leave each yoga workout feeling calm and more centered.",1589609951000
1016,Audi,C6,"New to yoga? This is a perfect place to start. \""Yoga Basics\"" is designed to strengthen and stretch your entire body with flowing yoga sessions. Your dedicated yoga instructor will carefully guide you through each asana movement. Leave each yoga workout feeling calm and more centered.",1588030368000
1017,Mazda,C7,"New to yoga? This is a perfect place to start. \""Yoga Basics\"" is designed to strengthen and stretch your entire body with flowing yoga sessions. Your dedicated yoga instructor will carefully guide you through each asana movement. Leave each yoga workout feeling calm and more centered.",1584849954000
1018,Renault,C1,"New to yoga? This is a perfect place to start. \""Yoga Basics\"" is designed to strengthen and stretch your entire body with flowing yoga sessions. Your dedicated yoga instructor will carefully guide you through each asana movement. Leave each yoga workout feeling calm and more centered.",1580893831000
1019,Audi,C2,"New to yoga? This is a perfect place to start. \""Yoga Basics\"" is designed to strengthen and stretch your entire body with flowing yoga sessions. Your dedicated yoga instructor will carefully guide you through each asana movement. Leave each yoga workout feeling calm and more centered.",1582628564000
1020,Toyota,C3,"New to yoga? This is a perfect place to start. \""Yoga Basics\"" is designed to strengthen and stretch your entire body with flowing yoga sessions. Your dedicated yoga instructor will carefully guide you through each asana movement. Leave each yoga workout feeling calm and more centered.",1589944141000
1021,VW,C4,"New to yoga? This is a perfect place to start. \""Yoga Basics\"" is designed to strengthen and stretch your entire body with flowing yoga sessions. Your dedicated yoga instructor will carefully guide you through each asana movement. Leave each yoga workout feeling calm and more centered.",1590553239000
1022,Mercedes-Benz,C6,"New to yoga? This is a perfect place to start. \""Yoga Basics\"" is designed to strengthen and stretch your entire body with flowing yoga sessions. Your dedicated yoga instructor will carefully guide you through each asana movement. Leave each yoga workout feeling calm and more centered.",1587221099000
1023,Toyota,C7,"New to yoga? This is a perfect place to start. \""Yoga Basics\"" is designed to strengthen and stretch your entire body with flowing yoga sessions. Your dedicated yoga instructor will carefully guide you through each asana movement. Leave each yoga workout feeling calm and more centered.",1591273824000
1024,Mazda,C1,"New to yoga? This is a perfect place to start. \""Yoga Basics\"" is designed to strengthen and stretch your entire body with flowing yoga sessions. Your dedicated yoga instructor will carefully guide you through each asana movement. Leave each yoga workout feeling calm and more centered.",1581660779000
1025,Renault,C2,"New to yoga? This is a perfect place to start. \""Yoga Basics\"" is designed to strengthen and stretch your entire body with flowing yoga sessions. Your dedicated yoga instructor will carefully guide you through each asana movement. Leave each yoga workout feeling calm and more centered.",1587517756000
1026,Renault,C3,"New to yoga? This is a perfect place to start. \""Yoga Basics\"" is designed to strengthen and stretch your entire body with flowing yoga sessions. Your dedicated yoga instructor will carefully guide you through each asana movement. Leave each yoga workout feeling calm and more centered.",1581586621000
1027,Mazda,C4,"New to yoga? This is a perfect place to start. \""Yoga Basics\"" is designed to strengthen and stretch your entire body with flowing yoga sessions. Your dedicated yoga instructor will carefully guide you through each asana movement. Leave each yoga workout feeling calm and more centered.",1590670736000
1028,Fiat,C6,"New to yoga? This is a perfect place to start. \""Yoga Basics\"" is designed to strengthen and stretch your entire body with flowing yoga sessions. Your dedicated yoga instructor will carefully guide you through each asana movement. Leave each yoga workout feeling calm and more centered.",1587129979000
1029,Mazda,C7,"New to yoga? This is a perfect place to start. \""Yoga Basics\"" is designed to strengthen and stretch your entire body with flowing yoga sessions. Your dedicated yoga instructor will carefully guide you through each asana movement. Leave each yoga workout feeling calm and more centered.",1579857774000
1030,Mercedes-Benz,C1,"New to yoga? This is a perfect place to start. \""Yoga Basics\"" is designed to strengthen and stretch your entire body with flowing yoga sessions. Your dedicated yoga instructor will carefully guide you through each asana movement. Leave each yoga workout feeling calm and more centered.",1591497948000
1031,Mercedes-Benz,C2,"New to yoga? This is a perfect place to start. \""Yoga Basics\"" is designed to strengthen and stretch your entire body with flowing yoga sessions. Your dedicated yoga instructor will carefully guide you through each asana movement. Leave each yoga workout feeling calm and more centered.",1582570437000
1032,Audi,C3,"New to yoga? This is a perfect place to start. \""Yoga Basics\"" is designed to strengthen and stretch your entire body with flowing yoga sessions. Your dedicated yoga instructor will carefully guide you through each asana movement. Leave each yoga workout feeling calm and more centered.",1581787627000
1033,Fiat,C4,"New to yoga? This is a perfect place to start. \""Yoga Basics\"" is designed to strengthen and stretch your entire body with flowing yoga sessions. Your dedicated yoga instructor will carefully guide you through each asana movement. Leave each yoga workout feeling calm and more centered.",1589234927000
1034,Toyota,C6,"New to yoga? This is a perfect place to start. \""Yoga Basics\"" is designed to strengthen and stretch your entire body with flowing yoga sessions. Your dedicated yoga instructor will carefully guide you through each asana movement. Leave each yoga workout feeling calm and more centered.",1584859492000
1035,Mercedes-Benz,C7,"New to yoga? This is a perfect place to start. \""Yoga Basics\"" is designed to strengthen and stretch your entire body with flowing yoga sessions. Your dedicated yoga instructor will carefully guide you through each asana movement. Leave each yoga workout feeling calm and more centered.",1580629750000
1036,Renault,C1,"New to yoga? This is a perfect place to start. \""Yoga Basics\"" is designed to strengthen and stretch your entire body with flowing yoga sessions. Your dedicated yoga instructor will carefully guide you through each asana movement. Leave each yoga workout feeling calm and more centered.",1582904126000
1037,Fiat,C2,"New to yoga? This is a perfect place to start. \""Yoga Basics\"" is designed to strengthen and stretch your entire body with flowing yoga sessions. Your dedicated yoga instructor will carefully guide you through each asana movement. Leave each yoga workout feeling calm and more centered.",1591879943000
1038,Renault,C3,"New to yoga? This is a perfect place to start. \""Yoga Basics\"" is designed to strengthen and stretch your entire body with flowing yoga sessions. Your dedicated yoga instructor will carefully guide you through each asana movement. Leave each yoga workout feeling calm and more centered.",1591938644000
1039,Mercedes-Benz,C4,"New to yoga? This is a perfect place to start. \""Yoga Basics\"" is designed to strengthen and stretch your entire body with flowing yoga sessions. Your dedicated yoga instructor will carefully guide you through each asana movement. Leave each yoga workout feeling calm and more centered.",1583662532000
1040,Renault,C6,"New to yoga? This is a perfect place to start. \""Yoga Basics\"" is designed to strengthen and stretch your entire body with flowing yoga sessions. Your dedicated yoga instructor will carefully guide you through each asana movement. Leave each yoga workout feeling calm and more centered.",1585033492000
1041,Mazda,C7,"New to yoga? This is a perfect place to start. \""Yoga Basics\"" is designed to strengthen and stretch your entire body with flowing yoga sessions. Your dedicated yoga instructor will carefully guide you through each asana movement. Leave each yoga workout feeling calm and more centered.",1584350765000
1042,Renault,C1,"New to yoga? This is a perfect place to start. \""Yoga Basics\"" is designed to strengthen and stretch your entire body with flowing yoga sessions. Your dedicated yoga instructor will carefully guide you through each asana movement. Leave each yoga workout feeling calm and more centered.",1581019075000
1043,Mazda,C2,"New to yoga? This is a perfect place to start. \""Yoga Basics\"" is designed to strengthen and stretch your entire body with flowing yoga sessions. Your dedicated yoga instructor will carefully guide you through each asana movement. Leave each yoga workout feeling calm and more centered.",1582409841000
1044,Toyota,C3,"New to yoga? This is a perfect place to start. \""Yoga Basics\"" is designed to strengthen and stretch your entire body with flowing yoga sessions. Your dedicated yoga instructor will carefully guide you through each asana movement. Leave each yoga workout feeling calm and more centered.",1586115508000
1045,Renault,C4,"New to yoga? This is a perfect place to start. \""Yoga Basics\"" is designed to strengthen and stretch your entire body with flowing yoga sessions. Your dedicated yoga instructor will carefully guide you through each asana movement. Leave each yoga workout feeling calm and more centered.",1586270694000
1046,Mazda,C6,"New to yoga? This is a perfect place to start. \""Yoga Basics\"" is designed to strengthen and stretch your entire body with flowing yoga sessions. Your dedicated yoga instructor will carefully guide you through each asana movement. Leave each yoga workout feeling calm and more centered.",1581332797000
1047,Toyota,C7,"New to yoga? This is a perfect place to start. \""Yoga Basics\"" is designed to strengthen and stretch your entire body with flowing yoga sessions. Your dedicated yoga instructor will carefully guide you through each asana movement. Leave each yoga workout feeling calm and more centered.",1580970748000
1048,VW,C1,"New to yoga? This is a perfect place to start. \""Yoga Basics\"" is designed to strengthen and stretch your entire body with flowing yoga sessions. Your dedicated yoga instructor will carefully guide you through each asana movement. Leave each yoga workout feeling calm and more centered.",1583761967000
1049,Mercedes-Benz,C2,"New to yoga? This is a perfect place to start. \""Yoga Basics\"" is designed to strengthen and stretch your entire body with flowing yoga sessions. Your dedicated yoga instructor will carefully guide you through each asana movement. Leave each yoga workout feeling calm and more centered.",1579777944000
1050,Mercedes-Benz,C3,"New to yoga? This is a perfect place to start. \""Yoga Basics\"" is designed to strengthen and stretch your entire body with flowing yoga sessions. Your dedicated yoga instructor will carefully guide you through each asana movement. Leave each yoga workout feeling calm and more centered.",1586059293000
1051,Renault,C4,"New to yoga? This is a perfect place to start. \""Yoga Basics\"" is designed to strengthen and stretch your entire body with flowing yoga sessions. Your dedicated yoga instructor will carefully guide you through each asana movement. Leave each yoga workout feeling calm and more centered.",1590394634000
1052,BWM,C6,"New to yoga? This is a perfect place to start. \""Yoga Basics\"" is designed to strengthen and stretch your entire body with flowing yoga sessions. Your dedicated yoga instructor will carefully guide you through each asana movement. Leave each yoga workout feeling calm and more centered.",1581485601000
1053,Toyota,C7,"New to yoga? This is a perfect place to start. \""Yoga Basics\"" is designed to strengthen and stretch your entire body with flowing yoga sessions. Your dedicated yoga instructor will carefully guide you through each asana movement. Leave each yoga workout feeling calm and more centered.",1586579865000
1054,Toyota,C7,"New to yoga? This is a perfect place to start. \""Yoga Basics\"" is designed to strengthen and stretch your entire body with flowing yoga sessions. Your dedicated yoga instructor will carefully guide you through each asana movement. Leave each yoga workout feeling calm and more centered.",1581186504000
1055,Audi,C1,"New to yoga? This is a perfect place to start. \""Yoga Basics\"" is designed to strengthen and stretch your entire body with flowing yoga sessions. Your dedicated yoga instructor will carefully guide you through each asana movement. Leave each yoga workout feeling calm and more centered.",1591676236000
1056,Fiat,C2,"New to yoga? This is a perfect place to start. \""Yoga Basics\"" is designed to strengthen and stretch your entire body with flowing yoga sessions. Your dedicated yoga instructor will carefully guide you through each asana movement. Leave each yoga workout feeling calm and more centered.",1587991051000
1057,Mercedes-Benz,C3,"New to yoga? This is a perfect place to start. \""Yoga Basics\"" is designed to strengthen and stretch your entire body with flowing yoga sessions. Your dedicated yoga instructor will carefully guide you through each asana movement. Leave each yoga workout feeling calm and more centered.",1589985725000
1058,Mazda,C4,"New to yoga? This is a perfect place to start. \""Yoga Basics\"" is designed to strengthen and stretch your entire body with flowing yoga sessions. Your dedicated yoga instructor will carefully guide you through each asana movement. Leave each yoga workout feeling calm and more centered.",1582533594000
1059,Mercedes-Benz,C6,"New to yoga? This is a perfect place to start. \""Yoga Basics\"" is designed to strengthen and stretch your entire body with flowing yoga sessions. Your dedicated yoga instructor will carefully guide you through each asana movement. Leave each yoga workout feeling calm and more centered.",1583855856000
1060,Fiat,C7,"New to yoga? This is a perfect place to start. \""Yoga Basics\"" is designed to strengthen and stretch your entire body with flowing yoga sessions. Your dedicated yoga instructor will carefully guide you through each asana movement. Leave each yoga workout feeling calm and more centered.",1582064662000
1061,Renault,C1,"New to yoga? This is a perfect place to start. \""Yoga Basics\"" is designed to strengthen and stretch your entire body with flowing yoga sessions. Your dedicated yoga instructor will carefully guide you through each asana movement. Leave each yoga workout feeling calm and more centered.",1584162238000
1062,BWM,C2,"New to yoga? This is a perfect place to start. \""Yoga Basics\"" is designed to strengthen and stretch your entire body with flowing yoga sessions. Your dedicated yoga instructor will carefully guide you through each asana movement. Leave each yoga workout feeling calm and more centered.",1590199496000
1063,Audi,C3,"New to yoga? This is a perfect place to start. \""Yoga Basics\"" is designed to strengthen and stretch your entire body with flowing yoga sessions. Your dedicated yoga instructor will carefully guide you through each asana movement. Leave each yoga workout feeling calm and more centered.",1590558828000
1064,VW,C4,"New to yoga? This is a perfect place to start. \""Yoga Basics\"" is designed to strengthen and stretch your entire body with flowing yoga sessions. Your dedicated yoga instructor will carefully guide you through each asana movement. Leave each yoga workout feeling calm and more centered.",1589308629000
1065,Mazda,C6,"New to yoga? This is a perfect place to start. \""Yoga Basics\"" is designed to strengthen and stretch your entire body with flowing yoga sessions. Your dedicated yoga instructor will carefully guide you through each asana movement. Leave each yoga workout feeling calm and more centered.",1587723568000
1066,VW,C7,"New to yoga? This is a perfect place to start. \""Yoga Basics\"" is designed to strengthen and stretch your entire body with flowing yoga sessions. Your dedicated yoga instructor will carefully guide you through each asana movement. Leave each yoga workout feeling calm and more centered.",1583372572000
1067,Mercedes-Benz,C1,"New to yoga? This is a perfect place to start. \""Yoga Basics\"" is designed to strengthen and stretch your entire body with flowing yoga sessions. Your dedicated yoga instructor will carefully guide you through each asana movement. Leave each yoga workout feeling calm and more centered.",1582748036000
1068,Mazda,C2,"New to yoga? This is a perfect place to start. \""Yoga Basics\"" is designed to strengthen and stretch your entire body with flowing yoga sessions. Your dedicated yoga instructor will carefully guide you through each asana movement. Leave each yoga workout feeling calm and more centered.",1589076249000
1069,Toyota,C3,"New to yoga? This is a perfect place to start. \""Yoga Basics\"" is designed to strengthen and stretch your entire body with flowing yoga sessions. Your dedicated yoga instructor will carefully guide you through each asana movement. Leave each yoga workout feeling calm and more centered.",1587630990000
1070,Toyota,C4,"New to yoga? This is a perfect place to start. \""Yoga Basics\"" is designed to strengthen and stretch your entire body with flowing yoga sessions. Your dedicated yoga instructor will carefully guide you through each asana movement. Leave each yoga workout feeling calm and more centered.",1588515457000
1071,Mazda,C6,"New to yoga? This is a perfect place to start. \""Yoga Basics\"" is designed to strengthen and stretch your entire body with flowing yoga sessions. Your dedicated yoga instructor will carefully guide you through each asana movement. Leave each yoga workout feeling calm and more centered.",1583349975000
1072,Fiat,C7,"New to yoga? This is a perfect place to start. \""Yoga Basics\"" is designed to strengthen and stretch your entire body with flowing yoga sessions. Your dedicated yoga instructor will carefully guide you through each asana movement. Leave each yoga workout feeling calm and more centered.",1586860807000
1073,Mercedes-Benz,C1,"New to yoga? This is a perfect place to start. \""Yoga Basics\"" is designed to strengthen and stretch your entire body with flowing yoga sessions. Your dedicated yoga instructor will carefully guide you through each asana movement. Leave each yoga workout feeling calm and more centered.",1587622183000
1074,Audi,C2,"New to yoga? This is a perfect place to start. \""Yoga Basics\"" is designed to strengthen and stretch your entire body with flowing yoga sessions. Your dedicated yoga instructor will carefully guide you through each asana movement. Leave each yoga workout feeling calm and more centered.",1580728218000
1075,Audi,C3,"New to yoga? This is a perfect place to start. \""Yoga Basics\"" is designed to strengthen and stretch your entire body with flowing yoga sessions. Your dedicated yoga instructor will carefully guide you through each asana movement. Leave each yoga workout feeling calm and more centered.",1584342774000
1076,Renault,C4,"New to yoga? This is a perfect place to start. \""Yoga Basics\"" is designed to strengthen and stretch your entire body with flowing yoga sessions. Your dedicated yoga instructor will carefully guide you through each asana movement. Leave each yoga workout feeling calm and more centered.",1587421502000
1077,Mercedes-Benz,C6,"New to yoga? This is a perfect place to start. \""Yoga Basics\"" is designed to strengthen and stretch your entire body with flowing yoga sessions. Your dedicated yoga instructor will carefully guide you through each asana movement. Leave each yoga workout feeling calm and more centered.",1591504141000
1078,Mazda,C7,"New to yoga? This is a perfect place to start. \""Yoga Basics\"" is designed to strengthen and stretch your entire body with flowing yoga sessions. Your dedicated yoga instructor will carefully guide you through each asana movement. Leave each yoga workout feeling calm and more centered.",1591065680000
1079,Renault,C7,"New to yoga? This is a perfect place to start. \""Yoga Basics\"" is designed to strengthen and stretch your entire body with flowing yoga sessions. Your dedicated yoga instructor will carefully guide you through each asana movement. Leave each yoga workout feeling calm and more centered.",1589254230000
1080,Fiat,C1,"New to yoga? This is a perfect place to start. \""Yoga Basics\"" is designed to strengthen and stretch your entire body with flowing yoga sessions. Your dedicated yoga instructor will carefully guide you through each asana movement. Leave each yoga workout feeling calm and more centered.",1586270338000
1081,Audi,C2,"New to yoga? This is a perfect place to start. \""Yoga Basics\"" is designed to strengthen and stretch your entire body with flowing yoga sessions. Your dedicated yoga instructor will carefully guide you through each asana movement. Leave each yoga workout feeling calm and more centered.",1589139492000
1082,Renault,C3,"New to yoga? This is a perfect place to start. \""Yoga Basics\"" is designed to strengthen and stretch your entire body with flowing yoga sessions. Your dedicated yoga instructor will carefully guide you through each asana movement. Leave each yoga workout feeling calm and more centered.",1590112001000
1083,Toyota,C4,"New to yoga? This is a perfect place to start. \""Yoga Basics\"" is designed to strengthen and stretch your entire body with flowing yoga sessions. Your dedicated yoga instructor will carefully guide you through each asana movement. Leave each yoga workout feeling calm and more centered.",1586142920000
1084,BWM,C6,"New to yoga? This is a perfect place to start. \""Yoga Basics\"" is designed to strengthen and stretch your entire body with flowing yoga sessions. Your dedicated yoga instructor will carefully guide you through each asana movement. Leave each yoga workout feeling calm and more centered.",1579532268000
1085,Audi,C7,"New to yoga? This is a perfect place to start. \""Yoga Basics\"" is designed to strengthen and stretch your entire body with flowing yoga sessions. Your dedicated yoga instructor will carefully guide you through each asana movement. Leave each yoga workout feeling calm and more centered.",1587939761000
1086,Toyota,C1,"New to yoga? This is a perfect place to start. \""Yoga Basics\"" is designed to strengthen and stretch your entire body with flowing yoga sessions. Your dedicated yoga instructor will carefully guide you through each asana movement. Leave each yoga workout feeling calm and more centered.",1585297929000
1087,Toyota,C2,"New to yoga? This is a perfect place to start. \""Yoga Basics\"" is designed to strengthen and stretch your entire body with flowing yoga sessions. Your dedicated yoga instructor will carefully guide you through each asana movement. Leave each yoga workout feeling calm and more centered.",1589775618000
1088,Audi,C3,"New to yoga? This is a perfect place to start. \""Yoga Basics\"" is designed to strengthen and stretch your entire body with flowing yoga sessions. Your dedicated yoga instructor will carefully guide you through each asana movement. Leave each yoga workout feeling calm and more centered.",1590324444000
1089,Mercedes-Benz,C4,"New to yoga? This is a perfect place to start. \""Yoga Basics\"" is designed to strengthen and stretch your entire body with flowing yoga sessions. Your dedicated yoga instructor will carefully guide you through each asana movement. Leave each yoga workout feeling calm and more centered.",1586275300000
1090,Audi,C6,"New to yoga? This is a perfect place to start. \""Yoga Basics\"" is designed to strengthen and stretch your entire body with flowing yoga sessions. Your dedicated yoga instructor will carefully guide you through each asana movement. Leave each yoga workout feeling calm and more centered.",1581823028000
1091,Renault,C7,"New to yoga? This is a perfect place to start. \""Yoga Basics\"" is designed to strengthen and stretch your entire body with flowing yoga sessions. Your dedicated yoga instructor will carefully guide you through each asana movement. Leave each yoga workout feeling calm and more centered.",1584338895000
1092,Fiat,C7,"New to yoga? This is a perfect place to start. \""Yoga Basics\"" is designed to strengthen and stretch your entire body with flowing yoga sessions. Your dedicated yoga instructor will carefully guide you through each asana movement. Leave each yoga workout feeling calm and more centered.",1592722688000
1093,Audi,C1,"New to yoga? This is a perfect place to start. \""Yoga Basics\"" is designed to strengthen and stretch your entire body with flowing yoga sessions. Your dedicated yoga instructor will carefully guide you through each asana movement. Leave each yoga workout feeling calm and more centered.",1582819878000
1094,Audi,C2,"New to yoga? This is a perfect place to start. \""Yoga Basics\"" is designed to strengthen and stretch your entire body with flowing yoga sessions. Your dedicated yoga instructor will carefully guide you through each asana movement. Leave each yoga workout feeling calm and more centered.",1589898902000
1095,Fiat,C3,"New to yoga? This is a perfect place to start. \""Yoga Basics\"" is designed to strengthen and stretch your entire body with flowing yoga sessions. Your dedicated yoga instructor will carefully guide you through each asana movement. Leave each yoga workout feeling calm and more centered.",1587505887000
1096,Mazda,C4,"New to yoga? This is a perfect place to start. \""Yoga Basics\"" is designed to strengthen and stretch your entire body with flowing yoga sessions. Your dedicated yoga instructor will carefully guide you through each asana movement. Leave each yoga workout feeling calm and more centered.",1587720563000
1097,Renault,C6,"New to yoga? This is a perfect place to start. \""Yoga Basics\"" is designed to strengthen and stretch your entire body with flowing yoga sessions. Your dedicated yoga instructor will carefully guide you through each asana movement. Leave each yoga workout feeling calm and more centered.",1586459117000
1098,Toyota,C7,"New to yoga? This is a perfect place to start. \""Yoga Basics\"" is designed to strengthen and stretch your entire body with flowing yoga sessions. Your dedicated yoga instructor will carefully guide you through each asana movement. Leave each yoga workout feeling calm and more centered.",1582367324000
1099,BWM,C1,"New to yoga? This is a perfect place to start. \""Yoga Basics\"" is designed to strengthen and stretch your entire body with flowing yoga sessions. Your dedicated yoga instructor will carefully guide you through each asana movement. Leave each yoga workout feeling calm and more centered.",1589889840000
1100,Toyota,C2,"New to yoga? This is a perfect place to start. \""Yoga Basics\"" is designed to strengthen and stretch your entire body with flowing yoga sessions. Your dedicated yoga instructor will carefully guide you through each asana movement. Leave each yoga workout feeling calm and more centered.",1585921644000
1101,Renault,C3,"New to yoga? This is a perfect place to start. \""Yoga Basics\"" is designed to strengthen and stretch your entire body with flowing yoga sessions. Your dedicated yoga instructor will carefully guide you through each asana movement. Leave each yoga workout feeling calm and more centered.",1586983993000
1102,Mazda,C4,"New to yoga? This is a perfect place to start. \""Yoga Basics\"" is designed to strengthen and stretch your entire body with flowing yoga sessions. Your dedicated yoga instructor will carefully guide you through each asana movement. Leave each yoga workout feeling calm and more centered.",1587865927000
1103,Audi,C6,"New to yoga? This is a perfect place to start. \""Yoga Basics\"" is designed to strengthen and stretch your entire body with flowing yoga sessions. Your dedicated yoga instructor will carefully guide you through each asana movement. Leave each yoga workout feeling calm and more centered.",1587156088000
1104,Fiat,C7,"New to yoga? This is a perfect place to start. \""Yoga Basics\"" is designed to strengthen and stretch your entire body with flowing yoga sessions. Your dedicated yoga instructor will carefully guide you through each asana movement. Leave each yoga workout feeling calm and more centered.",1585920357000
1105,VW,C1,"New to yoga? This is a perfect place to start. \""Yoga Basics\"" is designed to strengthen and stretch your entire body with flowing yoga sessions. Your dedicated yoga instructor will carefully guide you through each asana movement. Leave each yoga workout feeling calm and more centered.",1584280233000
1106,Toyota,C2,"New to yoga? This is a perfect place to start. \""Yoga Basics\"" is designed to strengthen and stretch your entire body with flowing yoga sessions. Your dedicated yoga instructor will carefully guide you through each asana movement. Leave each yoga workout feeling calm and more centered.",1592071364000
1107,VW,C3,"New to yoga? This is a perfect place to start. \""Yoga Basics\"" is designed to strengthen and stretch your entire body with flowing yoga sessions. Your dedicated yoga instructor will carefully guide you through each asana movement. Leave each yoga workout feeling calm and more centered.",1583356908000
1108,BWM,C4,"New to yoga? This is a perfect place to start. \""Yoga Basics\"" is designed to strengthen and stretch your entire body with flowing yoga sessions. Your dedicated yoga instructor will carefully guide you through each asana movement. Leave each yoga workout feeling calm and more centered.",1589310797000
1109,Audi,C6,"New to yoga? This is a perfect place to start. \""Yoga Basics\"" is designed to strengthen and stretch your entire body with flowing yoga sessions. Your dedicated yoga instructor will carefully guide you through each asana movement. Leave each yoga workout feeling calm and more centered.",1578104256000
1110,Mercedes-Benz,C7,"New to yoga? This is a perfect place to start. \""Yoga Basics\"" is designed to strengthen and stretch your entire body with flowing yoga sessions. Your dedicated yoga instructor will carefully guide you through each asana movement. Leave each yoga workout feeling calm and more centered.",1587674090000
1111,Audi,C1,"New to yoga? This is a perfect place to start. \""Yoga Basics\"" is designed to strengthen and stretch your entire body with flowing yoga sessions. Your dedicated yoga instructor will carefully guide you through each asana movement. Leave each yoga workout feeling calm and more centered.",1582425526000
1112,Mercedes-Benz,C2,"New to yoga? This is a perfect place to start. \""Yoga Basics\"" is designed to strengthen and stretch your entire body with flowing yoga sessions. Your dedicated yoga instructor will carefully guide you through each asana movement. Leave each yoga workout feeling calm and more centered.",1589899286000
1113,BWM,C3,"New to yoga? This is a perfect place to start. \""Yoga Basics\"" is designed to strengthen and stretch your entire body with flowing yoga sessions. Your dedicated yoga instructor will carefully guide you through each asana movement. Leave each yoga workout feeling calm and more centered.",1590189926000
1114,Audi,C4,"New to yoga? This is a perfect place to start. \""Yoga Basics\"" is designed to strengthen and stretch your entire body with flowing yoga sessions. Your dedicated yoga instructor will carefully guide you through each asana movement. Leave each yoga workout feeling calm and more centered.",1591857890000
1115,Audi,C6,"New to yoga? This is a perfect place to start. \""Yoga Basics\"" is designed to strengthen and stretch your entire body with flowing yoga sessions. Your dedicated yoga instructor will carefully guide you through each asana movement. Leave each yoga workout feeling calm and more centered.",1585163836000
1116,Mazda,C7,"New to yoga? This is a perfect place to start. \""Yoga Basics\"" is designed to strengthen and stretch your entire body with flowing yoga sessions. Your dedicated yoga instructor will carefully guide you through each asana movement. Leave each yoga workout feeling calm and more centered.",1590012081000
1117,Mazda,C1,"New to yoga? This is a perfect place to start. \""Yoga Basics\"" is designed to strengthen and stretch your entire body with flowing yoga sessions. Your dedicated yoga instructor will carefully guide you through each asana movement. Leave each yoga workout feeling calm and more centered.",1584939685000
1118,Audi,C2,"New to yoga? This is a perfect place to start. \""Yoga Basics\"" is designed to strengthen and stretch your entire body with flowing yoga sessions. Your dedicated yoga instructor will carefully guide you through each asana movement. Leave each yoga workout feeling calm and more centered.",1579201841000
1119,BWM,C3,"New to yoga? This is a perfect place to start. \""Yoga Basics\"" is designed to strengthen and stretch your entire body with flowing yoga sessions. Your dedicated yoga instructor will carefully guide you through each asana movement. Leave each yoga workout feeling calm and more centered.",1592147845000
1120,Mercedes-Benz,C4,"New to yoga? This is a perfect place to start. \""Yoga Basics\"" is designed to strengthen and stretch your entire body with flowing yoga sessions. Your dedicated yoga instructor will carefully guide you through each asana movement. Leave each yoga workout feeling calm and more centered.",1587575237000
1121,Toyota,C6,"New to yoga? This is a perfect place to start. \""Yoga Basics\"" is designed to strengthen and stretch your entire body with flowing yoga sessions. Your dedicated yoga instructor will carefully guide you through each asana movement. Leave each yoga workout feeling calm and more centered.",1579399451000
1122,Audi,C7,"New to yoga? This is a perfect place to start. \""Yoga Basics\"" is designed to strengthen and stretch your entire body with flowing yoga sessions. Your dedicated yoga instructor will carefully guide you through each asana movement. Leave each yoga workout feeling calm and more centered.",1586250433000
1123,VW,C1,"New to yoga? This is a perfect place to start. \""Yoga Basics\"" is designed to strengthen and stretch your entire body with flowing yoga sessions. Your dedicated yoga instructor will carefully guide you through each asana movement. Leave each yoga workout feeling calm and more centered.",1592556889000
1124,Toyota,C2,"New to yoga? This is a perfect place to start. \""Yoga Basics\"" is designed to strengthen and stretch your entire body with flowing yoga sessions. Your dedicated yoga instructor will carefully guide you through each asana movement. Leave each yoga workout feeling calm and more centered.",1590093105000
1125,Renault,C3,"New to yoga? This is a perfect place to start. \""Yoga Basics\"" is designed to strengthen and stretch your entire body with flowing yoga sessions. Your dedicated yoga instructor will carefully guide you through each asana movement. Leave each yoga workout feeling calm and more centered.",1589765676000
1126,Toyota,C4,"New to yoga? This is a perfect place to start. \""Yoga Basics\"" is designed to strengthen and stretch your entire body with flowing yoga sessions. Your dedicated yoga instructor will carefully guide you through each asana movement. Leave each yoga workout feeling calm and more centered.",1578066611000
1127,Renault,C6,"New to yoga? This is a perfect place to start. \""Yoga Basics\"" is designed to strengthen and stretch your entire body with flowing yoga sessions. Your dedicated yoga instructor will carefully guide you through each asana movement. Leave each yoga workout feeling calm and more centered.",1581376260000
1128,VW,C7,"New to yoga? This is a perfect place to start. \""Yoga Basics\"" is designed to strengthen and stretch your entire body with flowing yoga sessions. Your dedicated yoga instructor will carefully guide you through each asana movement. Leave each yoga workout feeling calm and more centered.",1586173268000
1129,Audi,C1,"New to yoga? This is a perfect place to start. \""Yoga Basics\"" is designed to strengthen and stretch your entire body with flowing yoga sessions. Your dedicated yoga instructor will carefully guide you through each asana movement. Leave each yoga workout feeling calm and more centered.",1588365209000
1130,Toyota,C2,"New to yoga? This is a perfect place to start. \""Yoga Basics\"" is designed to strengthen and stretch your entire body with flowing yoga sessions. Your dedicated yoga instructor will carefully guide you through each asana movement. Leave each yoga workout feeling calm and more centered.",1579846023000
1131,VW,C3,"New to yoga? This is a perfect place to start. \""Yoga Basics\"" is designed to strengthen and stretch your entire body with flowing yoga sessions. Your dedicated yoga instructor will carefully guide you through each asana movement. Leave each yoga workout feeling calm and more centered.",1587770668000
1132,Mercedes-Benz,C4,"New to yoga? This is a perfect place to start. \""Yoga Basics\"" is designed to strengthen and stretch your entire body with flowing yoga sessions. Your dedicated yoga instructor will carefully guide you through each asana movement. Leave each yoga workout feeling calm and more centered.",1584463677000
1133,Mercedes-Benz,C6,"New to yoga? This is a perfect place to start. \""Yoga Basics\"" is designed to strengthen and stretch your entire body with flowing yoga sessions. Your dedicated yoga instructor will carefully guide you through each asana movement. Leave each yoga workout feeling calm and more centered.",1589029549000
1134,Mercedes-Benz,C7,"New to yoga? This is a perfect place to start. \""Yoga Basics\"" is designed to strengthen and stretch your entire body with flowing yoga sessions. Your dedicated yoga instructor will carefully guide you through each asana movement. Leave each yoga workout feeling calm and more centered.",1586619501000
1135,Mazda,C1,"New to yoga? This is a perfect place to start. \""Yoga Basics\"" is designed to strengthen and stretch your entire body with flowing yoga sessions. Your dedicated yoga instructor will carefully guide you through each asana movement. Leave each yoga workout feeling calm and more centered.",1583916682000
1136,BWM,C2,"New to yoga? This is a perfect place to start. \""Yoga Basics\"" is designed to strengthen and stretch your entire body with flowing yoga sessions. Your dedicated yoga instructor will carefully guide you through each asana movement. Leave each yoga workout feeling calm and more centered.",1592406195000
1137,Audi,C3,"New to yoga? This is a perfect place to start. \""Yoga Basics\"" is designed to strengthen and stretch your entire body with flowing yoga sessions. Your dedicated yoga instructor will carefully guide you through each asana movement. Leave each yoga workout feeling calm and more centered.",1582612831000
1138,Toyota,C4,"New to yoga? This is a perfect place to start. \""Yoga Basics\"" is designed to strengthen and stretch your entire body with flowing yoga sessions. Your dedicated yoga instructor will carefully guide you through each asana movement. Leave each yoga workout feeling calm and more centered.",1578845519000
1139,Renault,C6,"New to yoga? This is a perfect place to start. \""Yoga Basics\"" is designed to strengthen and stretch your entire body with flowing yoga sessions. Your dedicated yoga instructor will carefully guide you through each asana movement. Leave each yoga workout feeling calm and more centered.",1581994918000
1140,Renault,C7,"New to yoga? This is a perfect place to start. \""Yoga Basics\"" is designed to strengthen and stretch your entire body with flowing yoga sessions. Your dedicated yoga instructor will carefully guide you through each asana movement. Leave each yoga workout feeling calm and more centered.",1580609733000
1141,VW,C1,"New to yoga? This is a perfect place to start. \""Yoga Basics\"" is designed to strengthen and stretch your entire body with flowing yoga sessions. Your dedicated yoga instructor will carefully guide you through each asana movement. Leave each yoga workout feeling calm and more centered.",1589723724000
1142,Toyota,C2,"New to yoga? This is a perfect place to start. \""Yoga Basics\"" is designed to strengthen and stretch your entire body with flowing yoga sessions. Your dedicated yoga instructor will carefully guide you through each asana movement. Leave each yoga workout feeling calm and more centered.",1584987905000
1143,Mercedes-Benz,C3,"New to yoga? This is a perfect place to start. \""Yoga Basics\"" is designed to strengthen and stretch your entire body with flowing yoga sessions. Your dedicated yoga instructor will carefully guide you through each asana movement. Leave each yoga workout feeling calm and more centered.",1588541069000
1144,Mercedes-Benz,C4,"New to yoga? This is a perfect place to start. \""Yoga Basics\"" is designed to strengthen and stretch your entire body with flowing yoga sessions. Your dedicated yoga instructor will carefully guide you through each asana movement. Leave each yoga workout feeling calm and more centered.",1586133319000
1145,Fiat,C6,"New to yoga? This is a perfect place to start. \""Yoga Basics\"" is designed to strengthen and stretch your entire body with flowing yoga sessions. Your dedicated yoga instructor will carefully guide you through each asana movement. Leave each yoga workout feeling calm and more centered.",1583975638000
1146,Mercedes-Benz,C7,"New to yoga? This is a perfect place to start. \""Yoga Basics\"" is designed to strengthen and stretch your entire body with flowing yoga sessions. Your dedicated yoga instructor will carefully guide you through each asana movement. Leave each yoga workout feeling calm and more centered.",1587404148000
1147,Audi,C7,"New to yoga? This is a perfect place to start. \""Yoga Basics\"" is designed to strengthen and stretch your entire body with flowing yoga sessions. Your dedicated yoga instructor will carefully guide you through each asana movement. Leave each yoga workout feeling calm and more centered.",1579556720000
1148,Audi,C1,"New to yoga? This is a perfect place to start. \""Yoga Basics\"" is designed to strengthen and stretch your entire body with flowing yoga sessions. Your dedicated yoga instructor will carefully guide you through each asana movement. Leave each yoga workout feeling calm and more centered.",1579760391000
1149,Renault,C2,"New to yoga? This is a perfect place to start. \""Yoga Basics\"" is designed to strengthen and stretch your entire body with flowing yoga sessions. Your dedicated yoga instructor will carefully guide you through each asana movement. Leave each yoga workout feeling calm and more centered.",1579566655000
1150,Mazda,C3,"New to yoga? This is a perfect place to start. \""Yoga Basics\"" is designed to strengthen and stretch your entire body with flowing yoga sessions. Your dedicated yoga instructor will carefully guide you through each asana movement. Leave each yoga workout feeling calm and more centered.",1581029161000
1151,Toyota,C4,"New to yoga? This is a perfect place to start. \""Yoga Basics\"" is designed to strengthen and stretch your entire body with flowing yoga sessions. Your dedicated yoga instructor will carefully guide you through each asana movement. Leave each yoga workout feeling calm and more centered.",1581401468000
1152,Fiat,C6,"New to yoga? This is a perfect place to start. \""Yoga Basics\"" is designed to strengthen and stretch your entire body with flowing yoga sessions. Your dedicated yoga instructor will carefully guide you through each asana movement. Leave each yoga workout feeling calm and more centered.",1582577902000
1153,Audi,C7,"New to yoga? This is a perfect place to start. \""Yoga Basics\"" is designed to strengthen and stretch your entire body with flowing yoga sessions. Your dedicated yoga instructor will carefully guide you through each asana movement. Leave each yoga workout feeling calm and more centered.",1581489685000
1154,Renault,C1,"New to yoga? This is a perfect place to start. \""Yoga Basics\"" is designed to strengthen and stretch your entire body with flowing yoga sessions. Your dedicated yoga instructor will carefully guide you through each asana movement. Leave each yoga workout feeling calm and more centered.",1590455513000
1155,Audi,C2,"New to yoga? This is a perfect place to start. \""Yoga Basics\"" is designed to strengthen and stretch your entire body with flowing yoga sessions. Your dedicated yoga instructor will carefully guide you through each asana movement. Leave each yoga workout feeling calm and more centered.",1584817165000
1156,Toyota,C3,"New to yoga? This is a perfect place to start. \""Yoga Basics\"" is designed to strengthen and stretch your entire body with flowing yoga sessions. Your dedicated yoga instructor will carefully guide you through each asana movement. Leave each yoga workout feeling calm and more centered.",1587924130000
1157,Renault,C4,"New to yoga? This is a perfect place to start. \""Yoga Basics\"" is designed to strengthen and stretch your entire body with flowing yoga sessions. Your dedicated yoga instructor will carefully guide you through each asana movement. Leave each yoga workout feeling calm and more centered.",1583262531000
1158,BWM,C6,"New to yoga? This is a perfect place to start. \""Yoga Basics\"" is designed to strengthen and stretch your entire body with flowing yoga sessions. Your dedicated yoga instructor will carefully guide you through each asana movement. Leave each yoga workout feeling calm and more centered.",1579450817000
1159,Toyota,C7,"New to yoga? This is a perfect place to start. \""Yoga Basics\"" is designed to strengthen and stretch your entire body with flowing yoga sessions. Your dedicated yoga instructor will carefully guide you through each asana movement. Leave each yoga workout feeling calm and more centered.",1590602115000
1160,Mercedes-Benz,C1,"New to yoga? This is a perfect place to start. \""Yoga Basics\"" is designed to strengthen and stretch your entire body with flowing yoga sessions. Your dedicated yoga instructor will carefully guide you through each asana movement. Leave each yoga workout feeling calm and more centered.",1587475419000
1161,Toyota,C2,"New to yoga? This is a perfect place to start. \""Yoga Basics\"" is designed to strengthen and stretch your entire body with flowing yoga sessions. Your dedicated yoga instructor will carefully guide you through each asana movement. Leave each yoga workout feeling calm and more centered.",1582604329000
1162,Mazda,C3,"New to yoga? This is a perfect place to start. \""Yoga Basics\"" is designed to strengthen and stretch your entire body with flowing yoga sessions. Your dedicated yoga instructor will carefully guide you through each asana movement. Leave each yoga workout feeling calm and more centered.",1585062245000
1163,Audi,C4,"New to yoga? This is a perfect place to start. \""Yoga Basics\"" is designed to strengthen and stretch your entire body with flowing yoga sessions. Your dedicated yoga instructor will carefully guide you through each asana movement. Leave each yoga workout feeling calm and more centered.",1579872177000
1164,Audi,C6,"New to yoga? This is a perfect place to start. \""Yoga Basics\"" is designed to strengthen and stretch your entire body with flowing yoga sessions. Your dedicated yoga instructor will carefully guide you through each asana movement. Leave each yoga workout feeling calm and more centered.",1579703905000
1165,Fiat,C7,"New to yoga? This is a perfect place to start. \""Yoga Basics\"" is designed to strengthen and stretch your entire body with flowing yoga sessions. Your dedicated yoga instructor will carefully guide you through each asana movement. Leave each yoga workout feeling calm and more centered.",1586810031000
1166,VW,C1,"New to yoga? This is a perfect place to start. \""Yoga Basics\"" is designed to strengthen and stretch your entire body with flowing yoga sessions. Your dedicated yoga instructor will carefully guide you through each asana movement. Leave each yoga workout feeling calm and more centered.",1588349432000
1167,Mercedes-Benz,C2,"New to yoga? This is a perfect place to start. \""Yoga Basics\"" is designed to strengthen and stretch your entire body with flowing yoga sessions. Your dedicated yoga instructor will carefully guide you through each asana movement. Leave each yoga workout feeling calm and more centered.",1587274684000
1168,Renault,C3,"New to yoga? This is a perfect place to start. \""Yoga Basics\"" is designed to strengthen and stretch your entire body with flowing yoga sessions. Your dedicated yoga instructor will carefully guide you through each asana movement. Leave each yoga workout feeling calm and more centered.",1584262590000
1169,Toyota,C4,"New to yoga? This is a perfect place to start. \""Yoga Basics\"" is designed to strengthen and stretch your entire body with flowing yoga sessions. Your dedicated yoga instructor will carefully guide you through each asana movement. Leave each yoga workout feeling calm and more centered.",1589874316000
1170,Mercedes-Benz,C6,"New to yoga? This is a perfect place to start. \""Yoga Basics\"" is designed to strengthen and stretch your entire body with flowing yoga sessions. Your dedicated yoga instructor will carefully guide you through each asana movement. Leave each yoga workout feeling calm and more centered.",1582824932000
1171,VW,C7,"New to yoga? This is a perfect place to start. \""Yoga Basics\"" is designed to strengthen and stretch your entire body with flowing yoga sessions. Your dedicated yoga instructor will carefully guide you through each asana movement. Leave each yoga workout feeling calm and more centered.",1592742960000
1172,Toyota,C1,"New to yoga? This is a perfect place to start. \""Yoga Basics\"" is designed to strengthen and stretch your entire body with flowing yoga sessions. Your dedicated yoga instructor will carefully guide you through each asana movement. Leave each yoga workout feeling calm and more centered.",1588974328000
1173,Toyota,C2,"New to yoga? This is a perfect place to start. \""Yoga Basics\"" is designed to strengthen and stretch your entire body with flowing yoga sessions. Your dedicated yoga instructor will carefully guide you through each asana movement. Leave each yoga workout feeling calm and more centered.",1584463888000
1174,Mercedes-Benz,C3,"New to yoga? This is a perfect place to start. \""Yoga Basics\"" is designed to strengthen and stretch your entire body with flowing yoga sessions. Your dedicated yoga instructor will carefully guide you through each asana movement. Leave each yoga workout feeling calm and more centered.",1580758142000
1175,VW,C4,"New to yoga? This is a perfect place to start. \""Yoga Basics\"" is designed to strengthen and stretch your entire body with flowing yoga sessions. Your dedicated yoga instructor will carefully guide you through each asana movement. Leave each yoga workout feeling calm and more centered.",1588446659000
1176,Audi,C6,"New to yoga? This is a perfect place to start. \""Yoga Basics\"" is designed to strengthen and stretch your entire body with flowing yoga sessions. Your dedicated yoga instructor will carefully guide you through each asana movement. Leave each yoga workout feeling calm and more centered.",1586502660000
1177,VW,C7,"New to yoga? This is a perfect place to start. \""Yoga Basics\"" is designed to strengthen and stretch your entire body with flowing yoga sessions. Your dedicated yoga instructor will carefully guide you through each asana movement. Leave each yoga workout feeling calm and more centered.",1584914722000
1178,BWM,C1,"New to yoga? This is a perfect place to start. \""Yoga Basics\"" is designed to strengthen and stretch your entire body with flowing yoga sessions. Your dedicated yoga instructor will carefully guide you through each asana movement. Leave each yoga workout feeling calm and more centered.",1585431614000
1179,VW,C2,"New to yoga? This is a perfect place to start. \""Yoga Basics\"" is designed to strengthen and stretch your entire body with flowing yoga sessions. Your dedicated yoga instructor will carefully guide you through each asana movement. Leave each yoga workout feeling calm and more centered.",1589332077000
1180,Mercedes-Benz,C3,"New to yoga? This is a perfect place to start. \""Yoga Basics\"" is designed to strengthen and stretch your entire body with flowing yoga sessions. Your dedicated yoga instructor will carefully guide you through each asana movement. Leave each yoga workout feeling calm and more centered.",1592042076000
1181,Renault,C4,"New to yoga? This is a perfect place to start. \""Yoga Basics\"" is designed to strengthen and stretch your entire body with flowing yoga sessions. Your dedicated yoga instructor will carefully guide you through each asana movement. Leave each yoga workout feeling calm and more centered.",1587287849000
1182,Mercedes-Benz,C6,"New to yoga? This is a perfect place to start. \""Yoga Basics\"" is designed to strengthen and stretch your entire body with flowing yoga sessions. Your dedicated yoga instructor will carefully guide you through each asana movement. Leave each yoga workout feeling calm and more centered.",1591482588000
1183,Mercedes-Benz,C7,"New to yoga? This is a perfect place to start. \""Yoga Basics\"" is designed to strengthen and stretch your entire body with flowing yoga sessions. Your dedicated yoga instructor will carefully guide you through each asana movement. Leave each yoga workout feeling calm and more centered.",1592771196000
1184,Toyota,C1,"New to yoga? This is a perfect place to start. \""Yoga Basics\"" is designed to strengthen and stretch your entire body with flowing yoga sessions. Your dedicated yoga instructor will carefully guide you through each asana movement. Leave each yoga workout feeling calm and more centered.",1587853973000
1185,VW,C2,"New to yoga? This is a perfect place to start. \""Yoga Basics\"" is designed to strengthen and stretch your entire body with flowing yoga sessions. Your dedicated yoga instructor will carefully guide you through each asana movement. Leave each yoga workout feeling calm and more centered.",1582160642000
1186,Fiat,C3,"New to yoga? This is a perfect place to start. \""Yoga Basics\"" is designed to strengthen and stretch your entire body with flowing yoga sessions. Your dedicated yoga instructor will carefully guide you through each asana movement. Leave each yoga workout feeling calm and more centered.",1588729214000
1187,Mercedes-Benz,C4,"New to yoga? This is a perfect place to start. \""Yoga Basics\"" is designed to strengthen and stretch your entire body with flowing yoga sessions. Your dedicated yoga instructor will carefully guide you through each asana movement. Leave each yoga workout feeling calm and more centered.",1587220044000
1188,BWM,C6,"New to yoga? This is a perfect place to start. \""Yoga Basics\"" is designed to strengthen and stretch your entire body with flowing yoga sessions. Your dedicated yoga instructor will carefully guide you through each asana movement. Leave each yoga workout feeling calm and more centered.",1592576104000
1189,Toyota,C7,"New to yoga? This is a perfect place to start. \""Yoga Basics\"" is designed to strengthen and stretch your entire body with flowing yoga sessions. Your dedicated yoga instructor will carefully guide you through each asana movement. Leave each yoga workout feeling calm and more centered.",1584844613000
1190,Renault,C1,"New to yoga? This is a perfect place to start. \""Yoga Basics\"" is designed to strengthen and stretch your entire body with flowing yoga sessions. Your dedicated yoga instructor will carefully guide you through each asana movement. Leave each yoga workout feeling calm and more centered.",1584564549000
1191,VW,C2,"New to yoga? This is a perfect place to start. \""Yoga Basics\"" is designed to strengthen and stretch your entire body with flowing yoga sessions. Your dedicated yoga instructor will carefully guide you through each asana movement. Leave each yoga workout feeling calm and more centered.",1591697171000
1192,Renault,C3,"New to yoga? This is a perfect place to start. \""Yoga Basics\"" is designed to strengthen and stretch your entire body with flowing yoga sessions. Your dedicated yoga instructor will carefully guide you through each asana movement. Leave each yoga workout feeling calm and more centered.",1587281446000
1193,BWM,C4,"New to yoga? This is a perfect place to start. \""Yoga Basics\"" is designed to strengthen and stretch your entire body with flowing yoga sessions. Your dedicated yoga instructor will carefully guide you through each asana movement. Leave each yoga workout feeling calm and more centered.",1586328197000
1194,Mercedes-Benz,C6,"New to yoga? This is a perfect place to start. \""Yoga Basics\"" is designed to strengthen and stretch your entire body with flowing yoga sessions. Your dedicated yoga instructor will carefully guide you through each asana movement. Leave each yoga workout feeling calm and more centered.",1585216133000
1195,Toyota,C7,"New to yoga? This is a perfect place to start. \""Yoga Basics\"" is designed to strengthen and stretch your entire body with flowing yoga sessions. Your dedicated yoga instructor will carefully guide you through each asana movement. Leave each yoga workout feeling calm and more centered.",1590056868000
1196,Mercedes-Benz,C1,"New to yoga? This is a perfect place to start. \""Yoga Basics\"" is designed to strengthen and stretch your entire body with flowing yoga sessions. Your dedicated yoga instructor will carefully guide you through each asana movement. Leave each yoga workout feeling calm and more centered.",1583307343000
1197,Mazda,C2,"New to yoga? This is a perfect place to start. \""Yoga Basics\"" is designed to strengthen and stretch your entire body with flowing yoga sessions. Your dedicated yoga instructor will carefully guide you through each asana movement. Leave each yoga workout feeling calm and more centered.",1581455668000
1198,Audi,C3,"New to yoga? This is a perfect place to start. \""Yoga Basics\"" is designed to strengthen and stretch your entire body with flowing yoga sessions. Your dedicated yoga instructor will carefully guide you through each asana movement. Leave each yoga workout feeling calm and more centered.",1583322047000
1199,Audi,C4,"New to yoga? This is a perfect place to start. \""Yoga Basics\"" is designed to strengthen and stretch your entire body with flowing yoga sessions. Your dedicated yoga instructor will carefully guide you through each asana movement. Leave each yoga workout feeling calm and more centered.",1590039771000
1200,Renault,C6,"New to yoga? This is a perfect place to start. \""Yoga Basics\"" is designed to strengthen and stretch your entire body with flowing yoga sessions. Your dedicated yoga instructor will carefully guide you through each asana movement. Leave each yoga workout feeling calm and more centered.",1578752099000
1201,Renault,C7,"New to yoga? This is a perfect place to start. \""Yoga Basics\"" is designed to strengthen and stretch your entire body with flowing yoga sessions. Your dedicated yoga instructor will carefully guide you through each asana movement. Leave each yoga workout feeling calm and more centered.",1583314000000
1202,Toyota,C1,"New to yoga? This is a perfect place to start. \""Yoga Basics\"" is designed to strengthen and stretch your entire body with flowing yoga sessions. Your dedicated yoga instructor will carefully guide you through each asana movement. Leave each yoga workout feeling calm and more centered.",1589626113000
1203,VW,C2,"New to yoga? This is a perfect place to start. \""Yoga Basics\"" is designed to strengthen and stretch your entire body with flowing yoga sessions. Your dedicated yoga instructor will carefully guide you through each asana movement. Leave each yoga workout feeling calm and more centered.",1584791154000
1204,Toyota,C3,"New to yoga? This is a perfect place to start. \""Yoga Basics\"" is designed to strengthen and stretch your entire body with flowing yoga sessions. Your dedicated yoga instructor will carefully guide you through each asana movement. Leave each yoga workout feeling calm and more centered.",1586988806000
1205,VW,C4,"New to yoga? This is a perfect place to start. \""Yoga Basics\"" is designed to strengthen and stretch your entire body with flowing yoga sessions. Your dedicated yoga instructor will carefully guide you through each asana movement. Leave each yoga workout feeling calm and more centered.",1587975702000
1206,Audi,C6,"New to yoga? This is a perfect place to start. \""Yoga Basics\"" is designed to strengthen and stretch your entire body with flowing yoga sessions. Your dedicated yoga instructor will carefully guide you through each asana movement. Leave each yoga workout feeling calm and more centered.",1578655585000
1207,Mazda,C7,"New to yoga? This is a perfect place to start. \""Yoga Basics\"" is designed to strengthen and stretch your entire body with flowing yoga sessions. Your dedicated yoga instructor will carefully guide you through each asana movement. Leave each yoga workout feeling calm and more centered.",1589265779000
1208,BWM,C1,"New to yoga? This is a perfect place to start. \""Yoga Basics\"" is designed to strengthen and stretch your entire body with flowing yoga sessions. Your dedicated yoga instructor will carefully guide you through each asana movement. Leave each yoga workout feeling calm and more centered.",1582870964000
1209,Renault,C2,"New to yoga? This is a perfect place to start. \""Yoga Basics\"" is designed to strengthen and stretch your entire body with flowing yoga sessions. Your dedicated yoga instructor will carefully guide you through each asana movement. Leave each yoga workout feeling calm and more centered.",1578693222000
1210,VW,C3,"New to yoga? This is a perfect place to start. \""Yoga Basics\"" is designed to strengthen and stretch your entire body with flowing yoga sessions. Your dedicated yoga instructor will carefully guide you through each asana movement. Leave each yoga workout feeling calm and more centered.",1580064535000
1211,Mercedes-Benz,C4,"New to yoga? This is a perfect place to start. \""Yoga Basics\"" is designed to strengthen and stretch your entire body with flowing yoga sessions. Your dedicated yoga instructor will carefully guide you through each asana movement. Leave each yoga workout feeling calm and more centered.",1587481871000
1212,Mazda,C6,"New to yoga? This is a perfect place to start. \""Yoga Basics\"" is designed to strengthen and stretch your entire body with flowing yoga sessions. Your dedicated yoga instructor will carefully guide you through each asana movement. Leave each yoga workout feeling calm and more centered.",1589766389000
1213,Audi,C7,"New to yoga? This is a perfect place to start. \""Yoga Basics\"" is designed to strengthen and stretch your entire body with flowing yoga sessions. Your dedicated yoga instructor will carefully guide you through each asana movement. Leave each yoga workout feeling calm and more centered.",1578110193000
1214,Toyota,C1,"New to yoga? This is a perfect place to start. \""Yoga Basics\"" is designed to strengthen and stretch your entire body with flowing yoga sessions. Your dedicated yoga instructor will carefully guide you through each asana movement. Leave each yoga workout feeling calm and more centered.",1584791907000
1215,Mazda,C2,"New to yoga? This is a perfect place to start. \""Yoga Basics\"" is designed to strengthen and stretch your entire body with flowing yoga sessions. Your dedicated yoga instructor will carefully guide you through each asana movement. Leave each yoga workout feeling calm and more centered.",1578174407000
1216,Fiat,C3,"New to yoga? This is a perfect place to start. \""Yoga Basics\"" is designed to strengthen and stretch your entire body with flowing yoga sessions. Your dedicated yoga instructor will carefully guide you through each asana movement. Leave each yoga workout feeling calm and more centered.",1592469612000
1217,Mercedes-Benz,C4,"New to yoga? This is a perfect place to start. \""Yoga Basics\"" is designed to strengthen and stretch your entire body with flowing yoga sessions. Your dedicated yoga instructor will carefully guide you through each asana movement. Leave each yoga workout feeling calm and more centered.",1583771127000
1218,Mazda,C6,"New to yoga? This is a perfect place to start. \""Yoga Basics\"" is designed to strengthen and stretch your entire body with flowing yoga sessions. Your dedicated yoga instructor will carefully guide you through each asana movement. Leave each yoga workout feeling calm and more centered.",1583248561000
1219,Mercedes-Benz,C7,"New to yoga? This is a perfect place to start. \""Yoga Basics\"" is designed to strengthen and stretch your entire body with flowing yoga sessions. Your dedicated yoga instructor will carefully guide you through each asana movement. Leave each yoga workout feeling calm and more centered.",1584562818000
1220,Fiat,C1,"New to yoga? This is a perfect place to start. \""Yoga Basics\"" is designed to strengthen and stretch your entire body with flowing yoga sessions. Your dedicated yoga instructor will carefully guide you through each asana movement. Leave each yoga workout feeling calm and more centered.",1586277853000
1221,VW,C2,"New to yoga? This is a perfect place to start. \""Yoga Basics\"" is designed to strengthen and stretch your entire body with flowing yoga sessions. Your dedicated yoga instructor will carefully guide you through each asana movement. Leave each yoga workout feeling calm and more centered.",1591970016000
1222,Mazda,C3,"New to yoga? This is a perfect place to start. \""Yoga Basics\"" is designed to strengthen and stretch your entire body with flowing yoga sessions. Your dedicated yoga instructor will carefully guide you through each asana movement. Leave each yoga workout feeling calm and more centered.",1585175429000
1223,Mazda,C4,"New to yoga? This is a perfect place to start. \""Yoga Basics\"" is designed to strengthen and stretch your entire body with flowing yoga sessions. Your dedicated yoga instructor will carefully guide you through each asana movement. Leave each yoga workout feeling calm and more centered.",1590567014000
1224,Mercedes-Benz,C6,"New to yoga? This is a perfect place to start. \""Yoga Basics\"" is designed to strengthen and stretch your entire body with flowing yoga sessions. Your dedicated yoga instructor will carefully guide you through each asana movement. Leave each yoga workout feeling calm and more centered.",1593078861000
1225,Renault,C7,"New to yoga? This is a perfect place to start. \""Yoga Basics\"" is designed to strengthen and stretch your entire body with flowing yoga sessions. Your dedicated yoga instructor will carefully guide you through each asana movement. Leave each yoga workout feeling calm and more centered.",1578141055000
1226,Renault,C1,"New to yoga? This is a perfect place to start. \""Yoga Basics\"" is designed to strengthen and stretch your entire body with flowing yoga sessions. Your dedicated yoga instructor will carefully guide you through each asana movement. Leave each yoga workout feeling calm and more centered.",1588742438000
1227,Fiat,C2,"New to yoga? This is a perfect place to start. \""Yoga Basics\"" is designed to strengthen and stretch your entire body with flowing yoga sessions. Your dedicated yoga instructor will carefully guide you through each asana movement. Leave each yoga workout feeling calm and more centered.",1586572277000
1228,Toyota,C3,"New to yoga? This is a perfect place to start. \""Yoga Basics\"" is designed to strengthen and stretch your entire body with flowing yoga sessions. Your dedicated yoga instructor will carefully guide you through each asana movement. Leave each yoga workout feeling calm and more centered.",1584414446000
1229,VW,C4,"New to yoga? This is a perfect place to start. \""Yoga Basics\"" is designed to strengthen and stretch your entire body with flowing yoga sessions. Your dedicated yoga instructor will carefully guide you through each asana movement. Leave each yoga workout feeling calm and more centered.",1580531181000
1230,Fiat,C6,"New to yoga? This is a perfect place to start. \""Yoga Basics\"" is designed to strengthen and stretch your entire body with flowing yoga sessions. Your dedicated yoga instructor will carefully guide you through each asana movement. Leave each yoga workout feeling calm and more centered.",1586108540000
1231,Renault,C7,"New to yoga? This is a perfect place to start. \""Yoga Basics\"" is designed to strengthen and stretch your entire body with flowing yoga sessions. Your dedicated yoga instructor will carefully guide you through each asana movement. Leave each yoga workout feeling calm and more centered.",1584642963000
1232,Toyota,C1,"New to yoga? This is a perfect place to start. \""Yoga Basics\"" is designed to strengthen and stretch your entire body with flowing yoga sessions. Your dedicated yoga instructor will carefully guide you through each asana movement. Leave each yoga workout feeling calm and more centered.",1586168537000
1233,Audi,C2,"New to yoga? This is a perfect place to start. \""Yoga Basics\"" is designed to strengthen and stretch your entire body with flowing yoga sessions. Your dedicated yoga instructor will carefully guide you through each asana movement. Leave each yoga workout feeling calm and more centered.",1590541854000
1234,Mercedes-Benz,C3,"New to yoga? This is a perfect place to start. \""Yoga Basics\"" is designed to strengthen and stretch your entire body with flowing yoga sessions. Your dedicated yoga instructor will carefully guide you through each asana movement. Leave each yoga workout feeling calm and more centered.",1581935475000
1235,Mercedes-Benz,C4,"New to yoga? This is a perfect place to start. \""Yoga Basics\"" is designed to strengthen and stretch your entire body with flowing yoga sessions. Your dedicated yoga instructor will carefully guide you through each asana movement. Leave each yoga workout feeling calm and more centered.",1586203799000
1236,Mercedes-Benz,C6,"New to yoga? This is a perfect place to start. \""Yoga Basics\"" is designed to strengthen and stretch your entire body with flowing yoga sessions. Your dedicated yoga instructor will carefully guide you through each asana movement. Leave each yoga workout feeling calm and more centered.",1592988270000
1237,BWM,C7,"New to yoga? This is a perfect place to start. \""Yoga Basics\"" is designed to strengthen and stretch your entire body with flowing yoga sessions. Your dedicated yoga instructor will carefully guide you through each asana movement. Leave each yoga workout feeling calm and more centered.",1583415181000
1238,Toyota,C1,"New to yoga? This is a perfect place to start. \""Yoga Basics\"" is designed to strengthen and stretch your entire body with flowing yoga sessions. Your dedicated yoga instructor will carefully guide you through each asana movement. Leave each yoga workout feeling calm and more centered.",1583446430000
1239,Audi,C2,"New to yoga? This is a perfect place to start. \""Yoga Basics\"" is designed to strengthen and stretch your entire body with flowing yoga sessions. Your dedicated yoga instructor will carefully guide you through each asana movement. Leave each yoga workout feeling calm and more centered.",1584647114000
1240,BWM,C3,"New to yoga? This is a perfect place to start. \""Yoga Basics\"" is designed to strengthen and stretch your entire body with flowing yoga sessions. Your dedicated yoga instructor will carefully guide you through each asana movement. Leave each yoga workout feeling calm and more centered.",1582088709000
1241,Fiat,C4,"New to yoga? This is a perfect place to start. \""Yoga Basics\"" is designed to strengthen and stretch your entire body with flowing yoga sessions. Your dedicated yoga instructor will carefully guide you through each asana movement. Leave each yoga workout feeling calm and more centered.",1588530607000
1242,Mercedes-Benz,C6,"New to yoga? This is a perfect place to start. \""Yoga Basics\"" is designed to strengthen and stretch your entire body with flowing yoga sessions. Your dedicated yoga instructor will carefully guide you through each asana movement. Leave each yoga workout feeling calm and more centered.",1585928895000
1243,Fiat,C7,"New to yoga? This is a perfect place to start. \""Yoga Basics\"" is designed to strengthen and stretch your entire body with flowing yoga sessions. Your dedicated yoga instructor will carefully guide you through each asana movement. Leave each yoga workout feeling calm and more centered.",1584961456000
1244,Mazda,C1,"New to yoga? This is a perfect place to start. \""Yoga Basics\"" is designed to strengthen and stretch your entire body with flowing yoga sessions. Your dedicated yoga instructor will carefully guide you through each asana movement. Leave each yoga workout feeling calm and more centered.",1589620666000
1245,Fiat,C2,"New to yoga? This is a perfect place to start. \""Yoga Basics\"" is designed to strengthen and stretch your entire body with flowing yoga sessions. Your dedicated yoga instructor will carefully guide you through each asana movement. Leave each yoga workout feeling calm and more centered.",1585788366000
1246,Renault,C3,"New to yoga? This is a perfect place to start. \""Yoga Basics\"" is designed to strengthen and stretch your entire body with flowing yoga sessions. Your dedicated yoga instructor will carefully guide you through each asana movement. Leave each yoga workout feeling calm and more centered.",1581451968000
1247,Mazda,C4,"New to yoga? This is a perfect place to start. \""Yoga Basics\"" is designed to strengthen and stretch your entire body with flowing yoga sessions. Your dedicated yoga instructor will carefully guide you through each asana movement. Leave each yoga workout feeling calm and more centered.",1590383251000
1248,VW,C6,"New to yoga? This is a perfect place to start. \""Yoga Basics\"" is designed to strengthen and stretch your entire body with flowing yoga sessions. Your dedicated yoga instructor will carefully guide you through each asana movement. Leave each yoga workout feeling calm and more centered.",1582818039000
1249,Mazda,C7,"New to yoga? This is a perfect place to start. \""Yoga Basics\"" is designed to strengthen and stretch your entire body with flowing yoga sessions. Your dedicated yoga instructor will carefully guide you through each asana movement. Leave each yoga workout feeling calm and more centered.",1580159975000
1250,Renault,C1,"New to yoga? This is a perfect place to start. \""Yoga Basics\"" is designed to strengthen and stretch your entire body with flowing yoga sessions. Your dedicated yoga instructor will carefully guide you through each asana movement. Leave each yoga workout feeling calm and more centered.",1583831090000
1251,Toyota,C2,"New to yoga? This is a perfect place to start. \""Yoga Basics\"" is designed to strengthen and stretch your entire body with flowing yoga sessions. Your dedicated yoga instructor will carefully guide you through each asana movement. Leave each yoga workout feeling calm and more centered.",1580712029000
1252,VW,C3,"New to yoga? This is a perfect place to start. \""Yoga Basics\"" is designed to strengthen and stretch your entire body with flowing yoga sessions. Your dedicated yoga instructor will carefully guide you through each asana movement. Leave each yoga workout feeling calm and more centered.",1584824395000
1253,VW,C4,"New to yoga? This is a perfect place to start. \""Yoga Basics\"" is designed to strengthen and stretch your entire body with flowing yoga sessions. Your dedicated yoga instructor will carefully guide you through each asana movement. Leave each yoga workout feeling calm and more centered.",1578147004000
1254,Toyota,C6,"New to yoga? This is a perfect place to start. \""Yoga Basics\"" is designed to strengthen and stretch your entire body with flowing yoga sessions. Your dedicated yoga instructor will carefully guide you through each asana movement. Leave each yoga workout feeling calm and more centered.",1582399952000
1255,Mercedes-Benz,C7,"New to yoga? This is a perfect place to start. \""Yoga Basics\"" is designed to strengthen and stretch your entire body with flowing yoga sessions. Your dedicated yoga instructor will carefully guide you through each asana movement. Leave each yoga workout feeling calm and more centered.",1578051294000
1256,VW,C1,"New to yoga? This is a perfect place to start. \""Yoga Basics\"" is designed to strengthen and stretch your entire body with flowing yoga sessions. Your dedicated yoga instructor will carefully guide you through each asana movement. Leave each yoga workout feeling calm and more centered.",1592468881000
1257,Mercedes-Benz,C2,"New to yoga? This is a perfect place to start. \""Yoga Basics\"" is designed to strengthen and stretch your entire body with flowing yoga sessions. Your dedicated yoga instructor will carefully guide you through each asana movement. Leave each yoga workout feeling calm and more centered.",1584997215000
1258,Mazda,C3,"New to yoga? This is a perfect place to start. \""Yoga Basics\"" is designed to strengthen and stretch your entire body with flowing yoga sessions. Your dedicated yoga instructor will carefully guide you through each asana movement. Leave each yoga workout feeling calm and more centered.",1579685457000
1259,Fiat,C4,"New to yoga? This is a perfect place to start. \""Yoga Basics\"" is designed to strengthen and stretch your entire body with flowing yoga sessions. Your dedicated yoga instructor will carefully guide you through each asana movement. Leave each yoga workout feeling calm and more centered.",1585054908000
1260,BWM,C6,"New to yoga? This is a perfect place to start. \""Yoga Basics\"" is designed to strengthen and stretch your entire body with flowing yoga sessions. Your dedicated yoga instructor will carefully guide you through each asana movement. Leave each yoga workout feeling calm and more centered.",1588986972000
1261,Mercedes-Benz,C7,"New to yoga? This is a perfect place to start. \""Yoga Basics\"" is designed to strengthen and stretch your entire body with flowing yoga sessions. Your dedicated yoga instructor will carefully guide you through each asana movement. Leave each yoga workout feeling calm and more centered.",1582026691000
1262,Renault,C7,"New to yoga? This is a perfect place to start. \""Yoga Basics\"" is designed to strengthen and stretch your entire body with flowing yoga sessions. Your dedicated yoga instructor will carefully guide you through each asana movement. Leave each yoga workout feeling calm and more centered.",1587047982000
1263,Renault,C1,"New to yoga? This is a perfect place to start. \""Yoga Basics\"" is designed to strengthen and stretch your entire body with flowing yoga sessions. Your dedicated yoga instructor will carefully guide you through each asana movement. Leave each yoga workout feeling calm and more centered.",1584145369000
1264,BWM,C2,"New to yoga? This is a perfect place to start. \""Yoga Basics\"" is designed to strengthen and stretch your entire body with flowing yoga sessions. Your dedicated yoga instructor will carefully guide you through each asana movement. Leave each yoga workout feeling calm and more centered.",1592181976000
1265,Fiat,C3,"New to yoga? This is a perfect place to start. \""Yoga Basics\"" is designed to strengthen and stretch your entire body with flowing yoga sessions. Your dedicated yoga instructor will carefully guide you through each asana movement. Leave each yoga workout feeling calm and more centered.",1579519999000
1266,Renault,C4,"New to yoga? This is a perfect place to start. \""Yoga Basics\"" is designed to strengthen and stretch your entire body with flowing yoga sessions. Your dedicated yoga instructor will carefully guide you through each asana movement. Leave each yoga workout feeling calm and more centered.",1584862564000
1267,BWM,C6,"New to yoga? This is a perfect place to start. \""Yoga Basics\"" is designed to strengthen and stretch your entire body with flowing yoga sessions. Your dedicated yoga instructor will carefully guide you through each asana movement. Leave each yoga workout feeling calm and more centered.",1582490510000
1268,Fiat,C7,"New to yoga? This is a perfect place to start. \""Yoga Basics\"" is designed to strengthen and stretch your entire body with flowing yoga sessions. Your dedicated yoga instructor will carefully guide you through each asana movement. Leave each yoga workout feeling calm and more centered.",1581979629000
1269,VW,C1,"New to yoga? This is a perfect place to start. \""Yoga Basics\"" is designed to strengthen and stretch your entire body with flowing yoga sessions. Your dedicated yoga instructor will carefully guide you through each asana movement. Leave each yoga workout feeling calm and more centered.",1581394098000
1270,Toyota,C2,"New to yoga? This is a perfect place to start. \""Yoga Basics\"" is designed to strengthen and stretch your entire body with flowing yoga sessions. Your dedicated yoga instructor will carefully guide you through each asana movement. Leave each yoga workout feeling calm and more centered.",1590582717000
1271,Mercedes-Benz,C3,"New to yoga? This is a perfect place to start. \""Yoga Basics\"" is designed to strengthen and stretch your entire body with flowing yoga sessions. Your dedicated yoga instructor will carefully guide you through each asana movement. Leave each yoga workout feeling calm and more centered.",1587830915000
1272,Toyota,C4,"New to yoga? This is a perfect place to start. \""Yoga Basics\"" is designed to strengthen and stretch your entire body with flowing yoga sessions. Your dedicated yoga instructor will carefully guide you through each asana movement. Leave each yoga workout feeling calm and more centered.",1583509446000
1273,Toyota,C6,"New to yoga? This is a perfect place to start. \""Yoga Basics\"" is designed to strengthen and stretch your entire body with flowing yoga sessions. Your dedicated yoga instructor will carefully guide you through each asana movement. Leave each yoga workout feeling calm and more centered.",1581255073000
1274,Mazda,C7,"New to yoga? This is a perfect place to start. \""Yoga Basics\"" is designed to strengthen and stretch your entire body with flowing yoga sessions. Your dedicated yoga instructor will carefully guide you through each asana movement. Leave each yoga workout feeling calm and more centered.",1589404370000
1275,Mazda,C1,"New to yoga? This is a perfect place to start. \""Yoga Basics\"" is designed to strengthen and stretch your entire body with flowing yoga sessions. Your dedicated yoga instructor will carefully guide you through each asana movement. Leave each yoga workout feeling calm and more centered.",1591461608000
1276,Renault,C2,"New to yoga? This is a perfect place to start. \""Yoga Basics\"" is designed to strengthen and stretch your entire body with flowing yoga sessions. Your dedicated yoga instructor will carefully guide you through each asana movement. Leave each yoga workout feeling calm and more centered.",1580945907000
1277,Toyota,C3,"New to yoga? This is a perfect place to start. \""Yoga Basics\"" is designed to strengthen and stretch your entire body with flowing yoga sessions. Your dedicated yoga instructor will carefully guide you through each asana movement. Leave each yoga workout feeling calm and more centered.",1592539775000
1278,Audi,C4,"New to yoga? This is a perfect place to start. \""Yoga Basics\"" is designed to strengthen and stretch your entire body with flowing yoga sessions. Your dedicated yoga instructor will carefully guide you through each asana movement. Leave each yoga workout feeling calm and more centered.",1584649630000
1279,Toyota,C6,"New to yoga? This is a perfect place to start. \""Yoga Basics\"" is designed to strengthen and stretch your entire body with flowing yoga sessions. Your dedicated yoga instructor will carefully guide you through each asana movement. Leave each yoga workout feeling calm and more centered.",1589213985000
1280,BWM,C7,"New to yoga? This is a perfect place to start. \""Yoga Basics\"" is designed to strengthen and stretch your entire body with flowing yoga sessions. Your dedicated yoga instructor will carefully guide you through each asana movement. Leave each yoga workout feeling calm and more centered.",1592985831000
1281,Mazda,C1,"New to yoga? This is a perfect place to start. \""Yoga Basics\"" is designed to strengthen and stretch your entire body with flowing yoga sessions. Your dedicated yoga instructor will carefully guide you through each asana movement. Leave each yoga workout feeling calm and more centered.",1591211687000
1282,VW,C2,"New to yoga? This is a perfect place to start. \""Yoga Basics\"" is designed to strengthen and stretch your entire body with flowing yoga sessions. Your dedicated yoga instructor will carefully guide you through each asana movement. Leave each yoga workout feeling calm and more centered.",1589845258000
1283,Mazda,C3,"New to yoga? This is a perfect place to start. \""Yoga Basics\"" is designed to strengthen and stretch your entire body with flowing yoga sessions. Your dedicated yoga instructor will carefully guide you through each asana movement. Leave each yoga workout feeling calm and more centered.",1589974869000
1284,Renault,C4,"New to yoga? This is a perfect place to start. \""Yoga Basics\"" is designed to strengthen and stretch your entire body with flowing yoga sessions. Your dedicated yoga instructor will carefully guide you through each asana movement. Leave each yoga workout feeling calm and more centered.",1581442737000
1285,Fiat,C6,"New to yoga? This is a perfect place to start. \""Yoga Basics\"" is designed to strengthen and stretch your entire body with flowing yoga sessions. Your dedicated yoga instructor will carefully guide you through each asana movement. Leave each yoga workout feeling calm and more centered.",1586494655000
1286,BWM,C7,"New to yoga? This is a perfect place to start. \""Yoga Basics\"" is designed to strengthen and stretch your entire body with flowing yoga sessions. Your dedicated yoga instructor will carefully guide you through each asana movement. Leave each yoga workout feeling calm and more centered.",1591960382000
1287,Mercedes-Benz,C1,"New to yoga? This is a perfect place to start. \""Yoga Basics\"" is designed to strengthen and stretch your entire body with flowing yoga sessions. Your dedicated yoga instructor will carefully guide you through each asana movement. Leave each yoga workout feeling calm and more centered.",1585989456000
1288,VW,C2,"New to yoga? This is a perfect place to start. \""Yoga Basics\"" is designed to strengthen and stretch your entire body with flowing yoga sessions. Your dedicated yoga instructor will carefully guide you through each asana movement. Leave each yoga workout feeling calm and more centered.",1581091713000
1289,Mercedes-Benz,C3,"New to yoga? This is a perfect place to start. \""Yoga Basics\"" is designed to strengthen and stretch your entire body with flowing yoga sessions. Your dedicated yoga instructor will carefully guide you through each asana movement. Leave each yoga workout feeling calm and more centered.",1584906003000
1290,Audi,C4,"New to yoga? This is a perfect place to start. \""Yoga Basics\"" is designed to strengthen and stretch your entire body with flowing yoga sessions. Your dedicated yoga instructor will carefully guide you through each asana movement. Leave each yoga workout feeling calm and more centered.",1585816045000
1291,Toyota,C6,"New to yoga? This is a perfect place to start. \""Yoga Basics\"" is designed to strengthen and stretch your entire body with flowing yoga sessions. Your dedicated yoga instructor will carefully guide you through each asana movement. Leave each yoga workout feeling calm and more centered.",1585962756000
1292,Mazda,C7,"New to yoga? This is a perfect place to start. \""Yoga Basics\"" is designed to strengthen and stretch your entire body with flowing yoga sessions. Your dedicated yoga instructor will carefully guide you through each asana movement. Leave each yoga workout feeling calm and more centered.",1580610799000
1293,Renault,C1,"New to yoga? This is a perfect place to start. \""Yoga Basics\"" is designed to strengthen and stretch your entire body with flowing yoga sessions. Your dedicated yoga instructor will carefully guide you through each asana movement. Leave each yoga workout feeling calm and more centered.",1578669004000
1294,Mercedes-Benz,C2,"New to yoga? This is a perfect place to start. \""Yoga Basics\"" is designed to strengthen and stretch your entire body with flowing yoga sessions. Your dedicated yoga instructor will carefully guide you through each asana movement. Leave each yoga workout feeling calm and more centered.",1588693346000
1295,Mazda,C3,"New to yoga? This is a perfect place to start. \""Yoga Basics\"" is designed to strengthen and stretch your entire body with flowing yoga sessions. Your dedicated yoga instructor will carefully guide you through each asana movement. Leave each yoga workout feeling calm and more centered.",1579452218000
1296,Mazda,C4,"New to yoga? This is a perfect place to start. \""Yoga Basics\"" is designed to strengthen and stretch your entire body with flowing yoga sessions. Your dedicated yoga instructor will carefully guide you through each asana movement. Leave each yoga workout feeling calm and more centered.",1587523779000
1297,Toyota,C6,"New to yoga? This is a perfect place to start. \""Yoga Basics\"" is designed to strengthen and stretch your entire body with flowing yoga sessions. Your dedicated yoga instructor will carefully guide you through each asana movement. Leave each yoga workout feeling calm and more centered.",1579191117000
1298,Mazda,C7,"New to yoga? This is a perfect place to start. \""Yoga Basics\"" is designed to strengthen and stretch your entire body with flowing yoga sessions. Your dedicated yoga instructor will carefully guide you through each asana movement. Leave each yoga workout feeling calm and more centered.",1586324934000
1299,Fiat,C1,"New to yoga? This is a perfect place to start. \""Yoga Basics\"" is designed to strengthen and stretch your entire body with flowing yoga sessions. Your dedicated yoga instructor will carefully guide you through each asana movement. Leave each yoga workout feeling calm and more centered.",1586314404000